loss,acc,precision,recall,val_loss,val_acc,val_precision,val_recall,lr
0.18742503225803375,0.9202014803886414,0.9418649077415466,0.8955752849578857,0.13275805115699768,0.9400942325592041,0.9693162441253662,0.9090438485145569,0.00090483745
0.13464537262916565,0.9432632327079773,0.9601688981056213,0.9248159527778625,0.12370564788579941,0.942172646522522,0.9782994389533997,0.9044852256774902,0.0008187308
0.1166440024971962,0.9510665535926819,0.9662337303161621,0.9347338676452637,0.10251571238040924,0.9547319412231445,0.9762648940086365,0.9321874976158142,0.0007408183
0.103458933532238,0.9569103121757507,0.9704578518867493,0.9424532055854797,0.10716421157121658,0.9504969120025635,0.9797279238700867,0.9200977683067322,0.00067032006
0.09243154525756836,0.9614017605781555,0.9737576246261597,0.9483089447021484,0.1092853993177414,0.9511528015136719,0.9806053638458252,0.920577883720398,0.0006065307
0.08144223690032959,0.9660794138908386,0.977037250995636,0.954548180103302,0.10149571299552917,0.9581463932991028,0.9735430479049683,0.9419466853141785,0.0005488117
0.06890310347080231,0.971396803855896,0.9811904430389404,0.9611817002296448,0.11733731627464294,0.9540058374404907,0.9764605760574341,0.930504322052002,0.00049658533
0.05686252564191818,0.9769085049629211,0.9846984148025513,0.9688416719436646,0.11520584672689438,0.9573582410812378,0.9736639261245728,0.9402041435241699,0.00044932897
0.046531736850738525,0.9812703728675842,0.9876246452331543,0.9747297763824463,0.12505006790161133,0.958046555519104,0.9700198769569397,0.9453669786453247,0.00040656966
