loss,acc,precision,recall,val_loss,val_acc,val_precision,val_recall,lr
0.1852332353591919,0.9209599494934082,0.941501796245575,0.8975847959518433,0.13921383023262024,0.9342964291572571,0.9768874645233154,0.8897304534912109,0.00090483745
0.13415412604808807,0.9436060786247253,0.9602075815200806,0.9254911541938782,0.11722035706043243,0.9485939741134644,0.9674955010414124,0.9284489154815674,0.0008187308
0.11712613701820374,0.9508830308914185,0.9659606218338013,0.934636652469635,0.1038917824625969,0.9531421065330505,0.9773491621017456,0.927850067615509,0.0007408183
0.10396037250757217,0.9565324187278748,0.9700527787208557,0.9420912861824036,0.10492677241563797,0.9524457454681396,0.9790388941764832,0.9247534871101379,0.00067032006
0.09282980114221573,0.9612020254135132,0.9732793569564819,0.9483899474143982,0.11235147714614868,0.948537290096283,0.9849129915237427,0.9110992550849915,0.0006065307
0.0818362906575203,0.9657474160194397,0.9766998291015625,0.9542132616043091,0.10243463516235352,0.9560410380363464,0.9811061024665833,0.9300511479377747,0.0005488117
0.06996212154626846,0.9710648059844971,0.9807267189025879,0.9609764814376831,0.10273265093564987,0.959023654460907,0.9701837301254272,0.9472119808197021,0.00049658533
0.05753234028816223,0.9765468239784241,0.9846711754798889,0.9681339859962463,0.11494693160057068,0.9559223055839539,0.9780752062797546,0.932813286781311,0.00044932897
0.04717214033007622,0.9809464812278748,0.9873496294021606,0.9743516445159912,0.11901313066482544,0.9587267637252808,0.9735220074653625,0.9431604743003845,0.00040656966
