loss,acc,precision,recall,val_loss,val_acc,val_precision,val_recall,lr
0.1733863353729248,0.9265472292900085,0.9464878439903259,0.9039183855056763,0.12419186532497406,0.9463684558868408,0.9659057855606079,0.9256138205528259,0.00090483745
0.12301740050315857,0.9483200907707214,0.9635642170906067,0.9316719770431519,0.12117158621549606,0.946200430393219,0.9794773459434509,0.9117091298103333,0.0008187308
0.10605832934379578,0.9553450345993042,0.9689815044403076,0.9406299591064453,0.1225568875670433,0.9411447048187256,0.9882778525352478,0.8931076526641846,0.0007408183
0.09475045651197433,0.9606043696403503,0.972908079624176,0.9474405646324158,0.10461854934692383,0.955685019493103,0.9719820022583008,0.9385949969291687,0.00067032006
0.08509901911020279,0.9642958045005798,0.9755818247795105,0.9522899985313416,0.10909658670425415,0.9519876837730408,0.9821440577507019,0.9209012985229492,0.0006065307
0.07467824220657349,0.9686753153800964,0.9789087772369385,0.9578684568405151,0.10644691437482834,0.955447793006897,0.9827103018760681,0.9273819923400879,0.0005488117
0.06445824354887009,0.9734343886375427,0.9822217226028442,0.9642195105552673,0.11343824118375778,0.9560804963111877,0.9788731932640076,0.9324536919593811,0.00049658533
